ImageName,wzxsjdt,sunmin,3dvqa,fjz1124,shenshihui,pesuidemeng,chen,123123,wizard,cjlumei,zhd_1225,Jenna,Knight,dsfgjig,leery24,Frank,zhili1,cxqjiafeimao,joe w,mrfranken,zjzz123,609lab,whk990,suchen
104s-11.jpg,3,5,2,3,2,3,3,4,2,4,4,5,4,5,4,3,3,4,3,3,4,3,4,3
104s-22.jpg,5,5,4,3,4,3,3,4,4,3,4,4,4,1,4,3,3,4,4,5,4,3,3,4
104s-34.jpg,3,5,4,3,3,3,5,4,3,4,4,3,5,2,5,3,3,4,2,4,4,2,4,4
104s0.jpg,4,5,4,4,3,4,4,4,3,5,5,5,4,5,4,4,3,5,5,4,4,4,3,3
104s11.jpg,3,4,3,3,3,4,3,3,3,4,5,5,5,4,4,4,3,5,4,5,5,5,3,3
104s22.jpg,3,4,3,3,3,3,3,3,4,5,5,5,4,4,5,4,3,3,4,4,5,2,4,4
104s34.jpg,3,4,2,3,3,4,2,4,3,4,5,5,4,5,4,4,2,5,4,5,5,3,4,4
26s-11.jpg,4,4,5,2,2,3,4,3,5,5,5,3,3,4,5,2,3,5,4,4,5,4,3,4
26s-22.jpg,5,2,4,2,2,3,2,4,2,2,4,2,4,2,2,2,3,4,2,4,4,2,3,3
26s-34.jpg,3,1,3,2,2,1,1,4,2,3,5,3,4,1,2,1,2,3,1,5,3,4,3,3
26s0.jpg,4,4,3,3,3,4,4,4,4,4,5,4,4,3,3,3,3,5,4,3,4,4,3,4
26s11.jpg,4,4,3,4,4,4,4,4,4,4,4,5,4,3,3,3,3,5,4,5,5,5,3,4
26s22.jpg,4,4,3,3,4,5,3,4,5,4,4,4,3,4,4,5,3,5,4,3,4,3,3,4
26s34.jpg,4,4,3,2,4,4,4,4,3,3,4,5,4,3,4,4,3,5,5,3,5,4,4,4
32s-11.jpg,3,2,4,4,2,2,1,3,3,2,3,2,3,3,1,2,2,5,1,4,3,3,2,3
32s-22.jpg,3,1,3,4,2,1,1,2,2,2,3,2,3,1,1,1,2,3,1,5,2,2,3,3
32s-34.jpg,2,1,4,4,2,1,2,2,1,2,4,3,3,1,1,1,1,3,1,5,2,2,2,3
32s0.jpg,2,2,3,3,2,2,2,2,2,2,4,3,3,4,2,2,3,5,2,5,3,2,3,3
32s11.jpg,2,3,3,4,3,2,3,4,4,2,4,2,3,1,2,2,3,4,3,5,4,2,3,4
32s22.jpg,2,3,4,5,3,3,5,3,4,2,5,3,3,4,2,3,4,5,4,4,4,3,3,4
32s34.jpg,3,3,5,4,5,4,5,4,3,3,4,3,3,5,2,4,4,5,4,5,4,3,3,3
3s-11.jpg,4,2,3,3,4,3,4,3,3,4,4,5,5,5,2,3,3,4,3,5,3,2,3,4
3s-22.jpg,3,2,3,3,3,2,2,3,3,2,4,3,5,3,2,2,3,4,3,5,3,2,2,4
3s-34.jpg,3,1,3,2,4,1,1,4,2,5,4,2,4,2,3,1,3,5,2,5,2,1,3,3
3s0.jpg,3,4,4,3,5,4,5,4,4,4,4,4,5,4,3,3,4,5,4,5,5,2,3,4
3s11.jpg,3,5,4,4,3,5,3,4,4,5,4,4,4,5,5,4,4,5,5,4,5,3,3,3
3s22.jpg,4,5,3,4,3,5,5,4,4,4,5,4,5,4,3,4,4,5,5,4,5,2,3,4
3s34.jpg,3,4,5,4,4,5,3,5,5,4,5,5,3,5,5,4,4,5,5,5,5,3,3,5
47s-11.jpg,5,4,4,4,3,4,3,4,4,5,4,3,3,1,3,3,3,5,3,5,4,3,3,4
47s-22.jpg,4,3,2,3,2,3,4,4,3,3,3,3,3,1,2,2,2,3,2,5,4,3,2,5
47s-34.jpg,4,2,3,3,2,1,1,3,3,2,3,3,4,1,1,2,2,4,1,5,3,3,2,4
47s0.jpg,4,4,4,4,4,4,5,4,3,4,4,4,3,3,5,3,3,4,4,5,4,3,3,3
47s11.jpg,3,5,5,4,3,4,3,4,5,5,5,4,4,4,4,3,3,4,4,5,5,2,4,4
47s22.jpg,4,5,4,4,4,4,4,4,3,3,5,4,4,5,4,4,3,5,4,5,5,5,3,5
47s34.jpg,2,5,4,3,3,4,3,4,4,4,5,4,4,4,5,4,3,5,5,5,5,3,4,4
55s-11.jpg,4,4,4,3,3,4,4,4,3,4,4,3,5,2,4,3,4,5,3,5,4,4,3,4
55s-22.jpg,5,3,3,4,4,3,5,4,4,4,5,3,4,2,3,3,3,5,3,4,4,3,3,4
55s-34.jpg,4,2,3,3,2,2,2,3,2,3,3,2,4,1,3,2,3,5,3,5,3,2,2,3
55s0.jpg,3,5,4,5,4,3,4,5,4,5,5,3,5,4,5,3,4,5,4,5,5,4,4,4
55s11.jpg,3,4,5,4,3,5,3,4,4,4,4,4,5,2,4,3,4,5,4,5,5,4,4,4
55s22.jpg,4,5,5,5,3,4,3,5,5,5,5,5,5,5,5,4,4,5,5,5,5,4,3,5
55s34.jpg,4,5,5,4,3,4,3,5,4,5,5,4,4,3,5,4,4,5,4,5,5,3,3,4
69s-11.jpg,2,2,3,3,2,3,1,3,3,3,4,3,4,4,5,2,2,5,1,5,4,2,3,3
69s-22.jpg,4,2,3,2,2,2,2,3,2,2,4,4,3,1,5,1,2,5,1,4,4,2,2,3
69s-34.jpg,3,1,3,2,2,2,1,3,2,1,5,3,4,1,1,2,1,5,1,3,2,2,2,3
69s0.jpg,3,2,4,3,3,4,3,3,4,3,4,3,3,4,4,3,3,4,4,4,4,2,3,4
69s11.jpg,3,4,3,3,4,5,4,4,5,4,5,3,4,3,4,4,2,5,4,5,4,1,3,4
69s22.jpg,3,4,4,4,2,5,4,4,3,3,4,5,3,5,4,5,3,5,5,5,4,2,3,4
69s34.jpg,4,4,4,3,2,4,3,4,4,4,4,4,4,5,3,4,3,5,5,4,3,1,3,4
73s-11.jpg,5,3,5,4,3,3,4,5,2,4,4,4,4,3,4,3,4,4,4,5,5,4,3,4
73s-22.jpg,4,3,4,3,3,3,3,4,3,3,4,3,5,1,3,2,4,4,3,4,4,3,2,3
73s-34.jpg,4,3,3,4,2,1,2,3,3,3,4,3,4,3,3,2,3,4,3,4,3,2,2,3
73s0.jpg,4,4,3,5,4,4,4,4,3,5,5,4,5,2,4,3,4,5,5,5,4,2,2,4
73s11.jpg,3,4,5,4,4,5,3,4,4,4,4,4,5,4,5,4,4,5,5,5,4,4,3,4
73s22.jpg,3,4,5,3,4,5,3,3,5,4,4,4,4,5,5,4,3,5,5,5,4,3,3,5
73s34.jpg,3,4,3,4,4,5,3,5,3,4,3,4,5,3,5,4,3,5,4,4,5,3,3,4
82s-11.jpg,5,3,5,4,4,3,4,4,3,5,5,4,5,4,3,3,3,5,5,5,4,4,3,4
82s-22.jpg,3,4,4,4,4,3,5,4,2,4,5,2,5,3,3,3,3,3,2,5,4,2,3,3
82s-34.jpg,5,2,3,3,2,3,3,3,3,3,4,3,3,4,2,2,3,5,2,5,4,2,3,3
82s0.jpg,3,5,4,3,2,4,5,4,3,5,5,4,4,4,4,3,3,5,4,5,4,2,4,4
82s11.jpg,4,4,4,4,3,4,4,4,4,5,5,4,5,4,4,4,4,4,4,5,4,3,4,5
82s22.jpg,3,4,4,4,3,4,4,4,5,4,5,4,5,5,4,3,4,4,3,5,5,4,4,4
82s34.jpg,4,5,4,4,2,3,5,5,5,4,5,5,5,5,5,5,3,5,4,5,4,4,4,5
86s-11.jpg,4,4,3,3,3,4,4,4,4,4,4,4,5,4,4,3,4,4,4,5,4,3,3,4
86s-22.jpg,4,4,4,4,3,4,4,3,2,4,4,4,4,2,3,2,4,4,2,5,4,3,3,3
86s-34.jpg,4,2,5,3,2,2,3,3,2,2,4,3,5,2,2,2,3,4,2,5,4,2,3,3
86s0.jpg,3,4,3,4,3,4,4,4,3,4,5,5,5,5,4,3,4,5,4,5,5,4,3,4
86s11.jpg,3,5,3,4,3,5,4,3,4,4,4,5,5,4,4,4,4,5,5,4,5,4,3,4
86s22.jpg,4,5,4,4,3,4,2,3,4,4,5,5,5,4,5,3,4,5,4,5,5,4,3,4
86s34.jpg,4,3,3,4,3,4,2,3,4,3,4,5,5,4,5,4,5,5,5,5,5,4,4,5
89s-11.jpg,3,4,3,4,2,3,2,4,5,3,5,3,5,2,4,3,4,5,3,5,4,4,3,4
89s-22.jpg,4,3,4,3,3,2,4,4,3,3,5,3,5,3,1,3,4,4,2,4,4,3,3,4
89s-34.jpg,2,2,3,4,2,4,2,3,3,2,4,2,4,1,3,3,3,3,3,4,4,2,3,3
89s0.jpg,4,4,4,3,2,4,4,4,4,4,5,4,4,3,4,3,4,5,3,5,5,2,4,4
89s11.jpg,3,4,4,4,3,4,4,4,5,3,4,4,5,5,5,4,4,5,5,4,5,4,4,4
89s22.jpg,4,4,4,3,3,3,5,5,5,4,4,4,4,3,4,4,4,5,3,5,5,2,3,4
89s34.jpg,3,5,3,4,4,3,3,4,4,3,5,3,4,4,4,4,4,5,4,5,5,4,4,4
